LEVEL 1,LEVEL 2,LEVEL 3,LEVEL 4,LEVEL 5
art and entertainment,books and literature,best-sellers,,
art and entertainment,books and literature,children's books,,
art and entertainment,books and literature,e-books,,
art and entertainment,books and literature,fan fiction,,
art and entertainment,books and literature,magazines,,
art and entertainment,books and literature,mythology,,
art and entertainment,books and literature,non-fiction,,
art and entertainment,books and literature,poetry,,
art and entertainment,books and literature,reference books,,
art and entertainment,books and literature,romance novels,,
art and entertainment,books and literature,science fiction,,
art and entertainment,books and literature,textbooks,,
art and entertainment,books and literature,,,
art and entertainment,celebrity fan and gossip,,,
art and entertainment,comics and animation,anime and manga,,
art and entertainment,comics and animation,cartoons,,
art and entertainment,comics and animation,comics,,
art and entertainment,dance,ballet,,
art and entertainment,dance,ballroom dance,,
art and entertainment,dance,belly dance,,
art and entertainment,dance,modern dance,,
art and entertainment,dance,pole dancing,,
art and entertainment,dance,,,
art and entertainment,humor,,,
art and entertainment,movies,film festivals and awards,,
art and entertainment,movies and tv,action,,
art and entertainment,movies and tv,animated,,
art and entertainment,movies and tv,bollywood,,
art and entertainment,movies and tv,children's,,
art and entertainment,movies and tv,classics,silent films,
art and entertainment,movies and tv,classics,,
art and entertainment,movies and tv,comedies,,
art and entertainment,movies and tv,cult classics,,
art and entertainment,movies and tv,documentaries,,
art and entertainment,movies and tv,dramas,,
art and entertainment,movies and tv,horror,,
art and entertainment,movies and tv,independent,,
art and entertainment,movies and tv,movies,reviews,
art and entertainment,movies and tv,movies,trailers,
art and entertainment,movies and tv,movies,,
art and entertainment,movies and tv,reality,,
art and entertainment,movies and tv,romantic comedies,,
art and entertainment,movies and tv,talk shows,,
art and entertainment,movies and tv,television,,
art and entertainment,movies and tv,thrillers,,
art and entertainment,movies and tv,westerns,,
art and entertainment,music,music genres,blues,
art and entertainment,music,music genres,classical music,
art and entertainment,music,music genres,country music,
art and entertainment,music,music genres,easy listening,
art and entertainment,music,music genres,electronic music,
art and entertainment,music,music genres,folk music,
art and entertainment,music,music genres,hip hop,
art and entertainment,music,music genres,jazz,
art and entertainment,music,music genres,opera,
art and entertainment,music,music genres,pop music,
art and entertainment,music,music genres,punk,
art and entertainment,music,music genres,religious music,
art and entertainment,music,music genres,rock music,
art and entertainment,music,music genres,ska,
art and entertainment,music,music genres,soul music,
art and entertainment,music,music genres,soundtracks,
art and entertainment,music,music genres,world music,
art and entertainment,music,music reference,music composition and theory,
art and entertainment,music,music reference,sheet music,
art and entertainment,music,musical instruments,drums,
art and entertainment,music,musical instruments,guitars,
art and entertainment,music,musical instruments,pianos,
art and entertainment,music,musical instruments,,
art and entertainment,music,recording industry,music awards,
art and entertainment,music,recording industry,record labels,
art and entertainment,music,recording industry,,
art and entertainment,music,singing,,
art and entertainment,music,,,
art and entertainment,radio,podcasts,,
art and entertainment,radio,radio programs,,
art and entertainment,radio,talk radio,,
art and entertainment,radio,,,
art and entertainment,shows and events,beauty contest,,
art and entertainment,shows and events,circus,,
art and entertainment,shows and events,classical concert,,
art and entertainment,shows and events,concert,,
art and entertainment,shows and events,conference,,
art and entertainment,shows and events,exhibition,,
art and entertainment,shows and events,fair,,
art and entertainment,shows and events,festival,,
art and entertainment,shows and events,sports event,,
art and entertainment,theatre,theatre awards,,
art and entertainment,theatre,theatre companies,,
art and entertainment,theatre,,,
art and entertainment,visual art and design,architecture,,
art and entertainment,visual art and design,art and craft supplies,,
art and entertainment,visual art and design,art museums and galleries,,
art and entertainment,visual art and design,arts education,,
art and entertainment,visual art and design,design,graphic design,
art and entertainment,visual art and design,design,industrial and product design,
art and entertainment,visual art and design,design,interior design,
art and entertainment,visual art and design,design,,
art and entertainment,visual art and design,digital art,,
art and entertainment,visual art and design,drawing,,
art and entertainment,visual art and design,painting,,
art and entertainment,visual art and design,performance art,,
art and entertainment,visual art and design,restoration,,
art and entertainment,visual art and design,sculpture,,
art and entertainment,visual art and design,,,
art and entertainment,,,,
automotive and vehicles,auto parts,,,
automotive and vehicles,auto repair,,,
automotive and vehicles,bicycles and accessories,mountain bikes,,
automotive and vehicles,bicycles and accessories,,,
automotive and vehicles,boats and watercraft,,,
automotive and vehicles,buying and selling cars,,,
automotive and vehicles,campers and rvs,,,
automotive and vehicles,cars,car culture,,
automotive and vehicles,cars,car industry,,
automotive and vehicles,cars,convertible,,
automotive and vehicles,cars,coupe,,
automotive and vehicles,cars,crossover,,
automotive and vehicles,cars,diesel,,
automotive and vehicles,cars,hatchback,,
automotive and vehicles,cars,hybrid,,
automotive and vehicles,cars,luxury,,
automotive and vehicles,cars,performance vehicles,,
automotive and vehicles,cars,sedan,,
automotive and vehicles,cars,vintage cars,,
automotive and vehicles,cars,wagon,,
automotive and vehicles,cars,,,
automotive and vehicles,certified pre-owned,,,
automotive and vehicles,commercial vehicles,,,
automotive and vehicles,electric vehicles,,,
automotive and vehicles,minivan,,,
automotive and vehicles,motor shows,,,
automotive and vehicles,motorcycles,,,
automotive and vehicles,off-road vehicles,,,
automotive and vehicles,road-side assistance,,,
automotive and vehicles,scooters and mopeds,,,
automotive and vehicles,trucks and suvs,pickup trucks,,
automotive and vehicles,trucks and suvs,suvs,,
automotive and vehicles,trucks and suvs,truck accessories,,
automotive and vehicles,vehicle brands,acura,,
automotive and vehicles,vehicle brands,alfa romeo,,
automotive and vehicles,vehicle brands,audi,,
automotive and vehicles,vehicle brands,bentley,,
automotive and vehicles,vehicle brands,buick,,
automotive and vehicles,vehicle brands,cadillac,,
automotive and vehicles,vehicle brands,chevrolet,,
automotive and vehicles,vehicle brands,chrysler,,
automotive and vehicles,vehicle brands,ferrari,,
automotive and vehicles,vehicle brands,fiat,,
automotive and vehicles,vehicle brands,ford,,
automotive and vehicles,vehicle brands,honda,,
automotive and vehicles,vehicle brands,hyundai,,
automotive and vehicles,vehicle brands,isuzu,,
automotive and vehicles,vehicle brands,jeep,,
automotive and vehicles,vehicle brands,kia,,
automotive and vehicles,vehicle brands,lamborghini,,
automotive and vehicles,vehicle brands,land rover,,
automotive and vehicles,vehicle brands,maserati,,
automotive and vehicles,vehicle brands,mazda,,
automotive and vehicles,vehicle brands,mercedes-benz,,
automotive and vehicles,vehicle brands,mitsubishi,,
automotive and vehicles,vehicle brands,nissan,infiniti,
automotive and vehicles,vehicle brands,nissan,,
automotive and vehicles,vehicle brands,peugeot,,
automotive and vehicles,vehicle brands,pontiac,,
automotive and vehicles,vehicle brands,porsche,,
automotive and vehicles,vehicle brands,rolls-royce,,
automotive and vehicles,vehicle brands,saab,,
automotive and vehicles,vehicle brands,scion,,
automotive and vehicles,vehicle brands,subaru,,
automotive and vehicles,vehicle brands,suzuki,,
automotive and vehicles,vehicle brands,toyota,,
automotive and vehicles,vehicle brands,volkswagen,,
automotive and vehicles,vehicle brands,volvo,,
automotive and vehicles,vehicle rental,,,
automotive and vehicles,,,,
business and industrial,advertising and marketing,advertising,,
business and industrial,advertising and marketing,brand management,,
business and industrial,advertising and marketing,marketing,,
business and industrial,advertising and marketing,public relations,,
business and industrial,advertising and marketing,telemarketing,,
business and industrial,aerospace and defense,defense industry,,
business and industrial,aerospace and defense,space technology,,
business and industrial,aerospace and defense,,,
business and industrial,agriculture and forestry,agriculture,,
business and industrial,agriculture and forestry,aquaculture,,
business and industrial,agriculture and forestry,crops and seed,,
business and industrial,agriculture and forestry,farms and ranches,,
business and industrial,agriculture and forestry,food production,,
business and industrial,agriculture and forestry,forestry,,
business and industrial,agriculture and forestry,horticulture,,
business and industrial,agriculture and forestry,livestock,,
business and industrial,agriculture and forestry,organic farming,,
business and industrial,automation,robotics,,
business and industrial,biomedical,,,
business and industrial,business news,,,
business and industrial,business operations,business plans,,
business and industrial,business operations,human resources,compensation and benefits,
business and industrial,business operations,human resources,payroll services,
business and industrial,business operations,human resources,,
business and industrial,business operations,management,business process,
business and industrial,business operations,management,project management,
business and industrial,business operations,management,supply chain management,
business and industrial,business operations,,,
business and industrial,business software,,,
business and industrial,chemicals industry,adhesives,,
business and industrial,chemicals industry,cleaning agents,,
business and industrial,chemicals industry,dyes and pigments,,
business and industrial,chemicals industry,plastics and polymers,,
business and industrial,chemicals industry,,,
business and industrial,company,annual report,,
business and industrial,company,bankruptcy,,
business and industrial,company,earnings,,
business and industrial,company,joint venture,,
business and industrial,company,merger and acquisition,,
business and industrial,construction,,,
business and industrial,energy,coal,,
business and industrial,energy,electricity,,
business and industrial,energy,natural gas,,
business and industrial,energy,nuclear power,nuclear accident,
business and industrial,energy,nuclear power,,
business and industrial,energy,oil,diesel fuel,
business and industrial,energy,oil,oil and gas prices,
business and industrial,energy,oil,oil company,
business and industrial,energy,oil,,
business and industrial,energy,renewable energy,biofuel,
business and industrial,energy,renewable energy,fuel cell,
business and industrial,energy,renewable energy,geothermal energy,
business and industrial,energy,renewable energy,hydroelectric energy,
business and industrial,energy,renewable energy,solar energy,
business and industrial,energy,renewable energy,wind energy,
business and industrial,energy,renewable energy,,
business and industrial,fashion industry,,,
business and industrial,food industry,,,
business and industrial,green solutions,,,
business and industrial,hospitality industry,event planning,,
business and industrial,hospitality industry,food service,,
business and industrial,hospitality industry,,,
business and industrial,iron and steel industry,,,
business and industrial,logistics,air freight,,
business and industrial,logistics,freight train,,
business and industrial,logistics,,,
business and industrial,manufacturing,,,
business and industrial,metals,,,
business and industrial,mining industry,,,
business and industrial,paper industry,,,
business and industrial,pharmaceutical industry,,,
business and industrial,publishing,,,
business and industrial,record company,,,
business and industrial,shipbuilding,,,
business and industrial,tanning,,,
business and industrial,textile industry,,,
business and industrial,war industry,weaponry,,
business and industrial,,,,
careers,career advice,,,
careers,career planning,,,
careers,job fairs,,,
careers,job search,,,
careers,nursing,,,
careers,resume writing and advice,,,
careers,telecommuting,,,
careers,u.s. military,,,
careers,,,,
education,adult education,,,
education,alumni and reunions,,,
education,art history,,,
education,distance learning,,,
education,english as a second language,,,
education,grade school,,,
education,graduate school,college,,
education,graduate school,college administration,,
education,graduate school,college life,,
education,graduate school,,,
education,high school,,,
education,homeschooling,,,
education,homework and study tips,,,
education,language learning,,,
education,school,private school,,
education,school,,,
education,special education,,,
education,studying business,,,
education,teaching and classroom resources,lesson plans,,
education,teaching and classroom resources,school supplies,,
education,,,,
family and parenting,adoption,,,
family and parenting,babies and toddlers,baby clothes,,
family and parenting,babies and toddlers,baby food,,
family and parenting,babies and toddlers,,,
family and parenting,children,daycare and preschool,,
family and parenting,children,,,
family and parenting,eldercare,,,
family and parenting,motherhood,artificial insemination,,
family and parenting,motherhood,pregnancy,,
family and parenting,motherhood,,,
family and parenting,parenting teens,,,
family and parenting,special needs kids,,,
family and parenting,,,,
finance,accounting and auditing,billing and invoicing,,
finance,accounting and auditing,bookkeeping,,
finance,accounting and auditing,tax preparation and planning,,
finance,accounting and auditing,,,
finance,bank,atms,,
finance,bank,bank account,,
finance,bank,checks,,
finance,bank,,,
finance,financial news,,,
finance,"grants, scholarships and financial aid",financial aid,,
finance,"grants, scholarships and financial aid",government grants,,
finance,"grants, scholarships and financial aid",scholarships,,
finance,investing,beginning investing,,
finance,investing,brokerages,,
finance,investing,day trading,,
finance,investing,funds,exchange traded funds,
finance,investing,funds,hedge fund,
finance,investing,funds,mutual funds,
finance,investing,futures trading,,
finance,investing,options,,
finance,investing,portfolio,,
finance,investing,stocks,,
finance,investing,venture capital,,
finance,investing,,,
finance,personal finance,debt management,,
finance,personal finance,financial planning,asset and portfolio management,
finance,personal finance,financial planning,estate planning,
finance,personal finance,financial planning,retirement and pension,
finance,personal finance,financial planning,,
finance,personal finance,insurance,car insurance,
finance,personal finance,insurance,health insurance,
finance,personal finance,insurance,homeowners insurance,
finance,personal finance,insurance,life insurance,
finance,personal finance,insurance,travel insurance,
finance,personal finance,insurance,vehicle insurance,
finance,personal finance,insurance,,
finance,personal finance,lending,credit cards,
finance,personal finance,lending,home financing,
finance,personal finance,lending,personal loans,
finance,personal finance,lending,student loans,
finance,personal finance,lending,vehicle financing,
finance,personal finance,saving,,
finance,,,,
food and drink,barbecues and grilling,,,
food and drink,beverages,alcoholic beverages,cocktails and beer,
food and drink,beverages,alcoholic beverages,wine,
food and drink,beverages,non alcoholic beverages,bottled water,
food and drink,beverages,non alcoholic beverages,coffee and tea,
food and drink,beverages,non alcoholic beverages,soft drinks,
food and drink,beverages,,,
food and drink,cuisines,american cuisine,,
food and drink,cuisines,chinese cuisine,,
food and drink,cuisines,french cuisine,,
food and drink,cuisines,indian cuisine,,
food and drink,cuisines,italian cuisine,,
food and drink,cuisines,japanese cuisine,,
food and drink,cuisines,mexican cuisine,,
food and drink,cuisines,regional cuisine,,
food and drink,desserts and baking,,,
food and drink,dining out,,,
food and drink,food,baked goods,,
food and drink,food,breakfast foods,,
food and drink,food,candy and sweets,,
food and drink,food,condiments and dressings,,
food and drink,food,fast food,,
food and drink,food,frozen food,,
food and drink,food,fruits and vegetables,,
food and drink,food,grains and pasta,,
food and drink,food,herbs and spices,,
food and drink,food,salads,,
food and drink,food,snack foods,,
food and drink,food allergies,,,
food and drink,food and grocery retailers,bakeries,,
food and drink,food and grocery retailers,butchers,,
food and drink,food and grocery retailers,convenience stores,,
food and drink,food and grocery retailers,grocery stores,,
food and drink,gastronomy,slow food,,
food and drink,gastronomy,,,
food and drink,health and lowfat cooking,,,
food and drink,healthy eating,,,
food and drink,kosher food,,,
food and drink,vegan,,,
food and drink,vegetarian,,,
food and drink,,,,
health and fitness,addiction,alcoholism,,
health and fitness,addiction,smoking addiction,,
health and fitness,addiction,substance abuse,,
health and fitness,addiction,,,
health and fitness,aging,,,
health and fitness,alternative medicine,herbs for health,,
health and fitness,alternative medicine,holistic healing,,
health and fitness,alternative medicine,homeopathy,,
health and fitness,alternative medicine,,,
health and fitness,dental care,,,
health and fitness,disease,aids and hiv,,
health and fitness,disease,allergies,,
health and fitness,disease,arthritis,,
health and fitness,disease,asthma,,
health and fitness,disease,autism and pdd,,
health and fitness,disease,cancer,brain tumor,
health and fitness,disease,cancer,,
health and fitness,disease,cholesterol,,
health and fitness,disease,chronic fatigue syndrome,,
health and fitness,disease,chronic pain,,
health and fitness,disease,cold and flu,,
health and fitness,disease,deafness,,
health and fitness,disease,diabetes,,
health and fitness,disease,epidemic,,
health and fitness,disease,epilepsy,,
health and fitness,disease,gerd and acid reflux,,
health and fitness,disease,headaches and migraines,,
health and fitness,disease,heart disease,,
health and fitness,disease,ibs and crohn's disease,,
health and fitness,disease,incontinence,,
health and fitness,disease,infertility,,
health and fitness,disease,thyroid disease,,
health and fitness,disease,,,
health and fitness,disorders,mental disorder,a.d.d.,
health and fitness,disorders,mental disorder,bipolar disorder,
health and fitness,disorders,mental disorder,depression,
health and fitness,disorders,mental disorder,panic and anxiety,
health and fitness,disorders,mental disorder,,
health and fitness,disorders,sleep disorders,,
health and fitness,disorders,,,
health and fitness,drugs,,,
health and fitness,exercise,,,
health and fitness,incest and abuse support,,,
health and fitness,men's health,,,
health and fitness,nutrition,,,
health and fitness,sexuality,,,
health and fitness,sports medicine,,,
health and fitness,therapy,physical therapy,,
health and fitness,therapy,,,
health and fitness,weight loss,,,
health and fitness,women's health,,,
health and fitness,,,,
hobbies and interests,art and technology,,,
hobbies and interests,arts and crafts,beadwork,,
hobbies and interests,arts and crafts,candle and soap making,,
hobbies and interests,arts and crafts,crochet,,
hobbies and interests,arts and crafts,jewelry making,,
hobbies and interests,arts and crafts,knitting,,
hobbies and interests,arts and crafts,photography,,
hobbies and interests,arts and crafts,pottery,,
hobbies and interests,arts and crafts,watchmaking,,
hobbies and interests,arts and crafts,woodworking,,
hobbies and interests,arts and crafts,,,
hobbies and interests,astrology,,,
hobbies and interests,birdwatching,,,
hobbies and interests,cigars,,,
hobbies and interests,collecting,stamps and coins,,
hobbies and interests,collecting,,,
hobbies and interests,games,board games and puzzles,,
hobbies and interests,games,card games,,
hobbies and interests,games,chess,,
hobbies and interests,games,gambling,,
hobbies and interests,games,lottery,,
hobbies and interests,games,role playing games,,
hobbies and interests,games,video and computer games,,
hobbies and interests,getting published,freelance writing,,
hobbies and interests,getting published,screenwriting,,
hobbies and interests,getting published,,,
hobbies and interests,guitar,,,
hobbies and interests,home recording,,,
hobbies and interests,inventors and patents,,,
hobbies and interests,magic and illusion,,,
hobbies and interests,needlework,,,
hobbies and interests,paranormal phenomena,occult,,
hobbies and interests,paranormal phenomena,parapsychology,,
hobbies and interests,paranormal phenomena,,,
hobbies and interests,reading,,,
hobbies and interests,scrapbooking,,,
hobbies and interests,,,,
home and garden,appliances,dishwashers,,
home and garden,appliances,microwaves,,
home and garden,appliances,refrigerators and freezers,,
home and garden,appliances,small appliances,blenders,
home and garden,appliances,small appliances,coffee maker,
home and garden,appliances,small appliances,food processors,
home and garden,appliances,small appliances,toasters and toaster ovens,
home and garden,appliances,stoves,,
home and garden,appliances,,,
home and garden,bed and bath,bathroom,,
home and garden,bed and bath,bedroom,bedding and bed linens,
home and garden,bed and bath,bedroom,beds and headboards,
home and garden,bed and bath,bedroom,mattresses,
home and garden,bed and bath,bedroom,,
home and garden,environmental safety,,,
home and garden,gardening and landscaping,gardening,,
home and garden,gardening and landscaping,landscaping,,
home and garden,gardening and landscaping,yard and patio,,
home and garden,home furnishings,lamps and lighting,,
home and garden,home furnishings,rugs and carpets,,
home and garden,home furnishings,sofas and chairs,,
home and garden,home furnishings,,,
home and garden,home improvement and repair,house painting and finishing,,
home and garden,home improvement and repair,locks and locksmiths,,
home and garden,home improvement and repair,plumbing,,
home and garden,home improvement and repair,power tools,,
home and garden,home improvement and repair,roofing,,
home and garden,home improvement and repair,,,
home and garden,interior decorating,,,
home and garden,laundry,,,
home and garden,luxury homes,,,
home and garden,nursery and playroom,,,
home and garden,pest control,,,
home and garden,remodeling and construction,,,
home and garden,,,,
"law, govt and politics",armed forces,air force,,
"law, govt and politics",armed forces,army,,
"law, govt and politics",armed forces,marines,,
"law, govt and politics",armed forces,navy,,
"law, govt and politics",armed forces,veterans,,
"law, govt and politics",commentary,,,
"law, govt and politics",espionage and intelligence,secret service,,
"law, govt and politics",espionage and intelligence,surveillance,,
"law, govt and politics",espionage and intelligence,terrorism,,
"law, govt and politics",espionage and intelligence,,,
"law, govt and politics",government,courts and judiciary,,
"law, govt and politics",government,embassies and consulates,,
"law, govt and politics",government,executive branch,,
"law, govt and politics",government,government agencies,,
"law, govt and politics",government,government contracting and procurement,,
"law, govt and politics",government,heads of state,,
"law, govt and politics",government,legislative,,
"law, govt and politics",government,parliament,,
"law, govt and politics",government,state and local government,,
"law, govt and politics",government,,,
"law, govt and politics",immigration,,,
"law, govt and politics",law enforcement,coast guard,,
"law, govt and politics",law enforcement,fire department,,
"law, govt and politics",law enforcement,highway patrol,,
"law, govt and politics",law enforcement,police,,
"law, govt and politics",law enforcement,,,
"law, govt and politics",legal issues,civil law,copyright,
"law, govt and politics",legal issues,civil law,,
"law, govt and politics",legal issues,civil rights,,
"law, govt and politics",legal issues,civl rights,privacy,
"law, govt and politics",legal issues,criminal law,,
"law, govt and politics",legal issues,death penalty,,
"law, govt and politics",legal issues,human rights,,
"law, govt and politics",legal issues,international law,,
"law, govt and politics",legal issues,legislation,building laws,
"law, govt and politics",legal issues,legislation,education laws,
"law, govt and politics",legal issues,legislation,family laws,
"law, govt and politics",legal issues,legislation,health care laws,
"law, govt and politics",legal issues,legislation,immigration laws,
"law, govt and politics",legal issues,legislation,tax laws,
"law, govt and politics",legal issues,legislation,,
"law, govt and politics",legal issues,,,
"law, govt and politics",politics,domestic policy,,
"law, govt and politics",politics,elections,local elections,
"law, govt and politics",politics,elections,presidential elections,
"law, govt and politics",politics,elections,referendums,
"law, govt and politics",politics,elections,,
"law, govt and politics",politics,foreign policy,,
"law, govt and politics",politics,lobbying,,
"law, govt and politics",politics,political parties,,
"law, govt and politics",politics,,,
"law, govt and politics",,,,
news,international news,,,
news,local news,,,
news,national news,,,
news,,,,
pets,animal welfare,,,
pets,aquariums,,,
pets,birds,,,
pets,cats,,,
pets,dogs,,,
pets,large animals,,,
pets,reptiles,,,
pets,zoo,,,
pets,,,,
real estate,apartments,,,
real estate,architects,,,
real estate,buying and selling homes,,,
real estate,low income housing,,,
real estate,,,,
religion and spirituality,alternative religions,pagan and wiccan,,
religion and spirituality,atheism and agnosticism,,,
religion and spirituality,buddhism,,,
religion and spirituality,christianity,catholicism,,
religion and spirituality,christianity,latter-day saints,,
religion and spirituality,christianity,orthodoxy,,
religion and spirituality,christianity,protestantism,,
religion and spirituality,christianity,,,
religion and spirituality,hinduism,,,
religion and spirituality,islam,islamic fundamentalism,,
religion and spirituality,islam,,,
religion and spirituality,judaism,,,
religion and spirituality,,,,
science,biology,biotechnology,,
science,biology,botany,,
science,biology,breeding,,
science,biology,cytology,,
science,biology,marine biology,,
science,biology,molecular biology,,
science,biology,zoology,endangered species,
science,biology,zoology,entomology,
science,biology,zoology,ornithology,
science,biology,zoology,,
science,biology,,,
science,chemistry,organic chemistry,,
science,chemistry,,,
science,computer science,artificial intelligence,,
science,computer science,cryptography,,
science,computer science,distributed systems,,
science,computer science,information science,,
science,computer science,software engineering,,
science,computer science,,,
science,ecology,environmental disaster,,
science,ecology,pollution,,
science,ecology,waste management,recycling,
science,ecology,waste management,waste disposal,
science,ecology,,,
science,engineering,,,
science,geography,cartography,,
science,geography,topography,,
science,geography,,,
science,geology,mineralogy,,
science,geology,seismology,earthquakes,
science,geology,volcanology,volcanic eruptions,
science,geology,,,
science,mathematics,algebra,,
science,mathematics,arithmetic,,
science,mathematics,geometry,,
science,mathematics,statistics,,
science,mathematics,,,
science,medicine,cardiology,,
science,medicine,dermatology,,
science,medicine,embryology,,
science,medicine,genetics,,
science,medicine,immunology,,
science,medicine,medical research,,
science,medicine,oncology,,
science,medicine,orthopedics,,
science,medicine,pediatrics,,
science,medicine,pharmacology,,
science,medicine,physiology,,
science,medicine,psychology and psychiatry,psychoanalysis,
science,medicine,psychology and psychiatry,,
science,medicine,surgery,cosmetic surgery,
science,medicine,surgery,transplants,
science,medicine,surgery,,
science,medicine,veterinary medicine,,
science,medicine,,,
science,phyiscs,atomic physics,,
science,physics,astrophysics,,
science,physics,electromagnetism,,
science,physics,hydraulics,,
science,physics,nanotechnology,,
science,physics,optics,,
science,physics,space and astronomy,,
science,physics,thermodynamics,,
science,physics,,,
science,social science,anthropology,,
science,social science,history,ancient history,
science,social science,history,archaeology,
science,social science,history,genealogy,
science,social science,history,heraldry,
science,social science,history,medieval history,
science,social science,history,modern history,
science,social science,history,prehistory,
science,social science,history,,
science,social science,linguistics,translation,
science,social science,linguistics,,
science,social science,pedagogy,,
science,social science,philosophy,ethics,
science,social science,philosophy,,
science,social science,sociology,,
science,social science,,,
science,weather,meteorological disaster,flood,
science,weather,meteorological disaster,hurricane,
science,weather,meteorological disaster,tornado,
science,weather,meteorological disaster,,
science,weather,,,
science,,,,
shopping,auctions,,,
shopping,classifieds,,,
shopping,gifts,flowers,,
shopping,gifts,greeting cards,,
shopping,gifts,party supplies,,
shopping,gifts,,,
shopping,resources,comparisons engines,,
shopping,resources,consumer protection,,
shopping,resources,contests and freebies,,
shopping,resources,coupons,,
shopping,resources,loyalty programs,,
shopping,resources,product reviews,,
shopping,resources,warranties and service contracts,,
shopping,retail,department stores,,
shopping,retail,online stores,,
shopping,retail,outlet stores,,
shopping,retail,second-hand market,,
shopping,retail,wholesalers,,
shopping,retail,,,
shopping,toys,action figures,,
shopping,toys,dolls,,
shopping,toys,puppets,,
shopping,toys,stuffed animals,,
shopping,toys,,,
shopping,,,,
society,crime,drug trafficking,,
society,crime,organized crime,,
society,crime,personal offense,assault,
society,crime,personal offense,hate crime,
society,crime,personal offense,homicide,
society,crime,personal offense,human trafficking,
society,crime,personal offense,kidnapping,
society,crime,personal offense,torture,
society,crime,property crime,arson,
society,crime,property crime,bribery,
society,crime,property crime,burglary,
society,crime,property crime,embezzlement,
society,crime,property crime,fraud,
society,crime,property crime,larceny,
society,crime,property crime,piracy,
society,crime,property crime,robbery,
society,crime,property crime,smuggling,
society,crime,property crime,usury,
society,crime,sexual offence,paedophilia,
society,crime,sexual offence,prostitution,
society,crime,sexual offence,rape,
society,crime,,,
society,dating,,,
society,gay life,,,
society,racism,,,
society,senior living,,,
society,sex,pornography,,
society,sex,sex education,,
society,sex,,,
society,social institution,divorce,,
society,social institution,marriage,common law marriage,
society,social institution,marriage,weddings,
society,social institution,marriage,,
society,teens,,,
society,unrest and war,,,
society,welfare,healthcare,hospital,
society,welfare,healthcare,,
society,welfare,social services,volunteering,
society,welfare,social services,,
society,welfare,,,
society,work,contracts,,
society,work,retirement,,
society,work,unemployment,,
society,work,unions,,
society,,,,
sports,archery,,,
sports,auto racing,nascar,,
sports,auto racing,rally,,
sports,auto racing,,,
sports,badminton,,,
sports,baseball,,,
sports,basketball,,,
sports,bicycling,mountain biking,,
sports,bicycling,,,
sports,billiards,,,
sports,boat racing,,,
sports,bobsled,,,
sports,bodybuilding,,,
sports,bowling,,,
sports,boxing,,,
sports,canoeing and kayaking,,,
sports,cheerleading,,,
sports,climbing,mountain climbing,,
sports,climbing,rock climbing,,
sports,climbing,,,
sports,cricket,,,
sports,curling,,,
sports,diving,,,
sports,dog sled,,,
sports,fencing,,,
sports,fishing,fly fishing,,
sports,fishing,freshwater fishing,,
sports,fishing,saltwater fishing,,
sports,fishing,sport fishing,,
sports,fishing,,,
sports,football,,,
sports,go kart,,,
sports,golf,,,
sports,gymnastics,calisthenics,,
sports,gymnastics,,,
sports,handball,,,
sports,hockey,field hockey,,
sports,hockey,,,
sports,horse racing,,,
sports,horses,,,
sports,hunting and shooting,skeet shooting,,
sports,hunting and shooting,target shooting,,
sports,hunting and shooting,,,
sports,martial arts,judo,,
sports,martial arts,karate,,
sports,martial arts,sumo,,
sports,martial arts,,,
sports,motorcycling,,,
sports,olympics,paralympic games,,
sports,olympics,,,
sports,paintball,,,
sports,parachuting,,,
sports,polo,,,
sports,rodeo,,,
sports,rowing,,,
sports,rugby,,,
sports,running and jogging,,,
sports,sailing,,,
sports,scuba diving,,,
sports,skateboarding,,,
sports,skating,figure skating,,
sports,skating,ice skating,,
sports,skating,roller skating,,
sports,skating,,,
sports,skiing,downhill skiing,,
sports,skiing,nordic skiing,,
sports,skiing,waterskiing,,
sports,skiing,,,
sports,snowboarding,,,
sports,soccer,,,
sports,softball,,,
sports,sports news,,,
sports,surfing and bodyboarding,,,
sports,swimming,,,
sports,table tennis and ping-pong,,,
sports,tennis,,,
sports,trekking,,,
sports,volleyball,beach volleyball,,
sports,volleyball,,,
sports,wakeboarding,,,
sports,walking,,,
sports,water polo,,,
sports,weightlifting,,,
sports,windsurfing,,,
sports,wrestling,,,
sports,,,,
style and fashion,accessories,backpacks,,
style and fashion,accessories,gloves,,
style and fashion,accessories,hats,,
style and fashion,accessories,scarves,,
style and fashion,accessories,socks,,
style and fashion,accessories,sunglasses,,
style and fashion,accessories,ties,,
style and fashion,accessories,wallets,,
style and fashion,accessories,watches,,
style and fashion,accessories,,,
style and fashion,beauty,cologne,,
style and fashion,beauty,cosmetics,eyeshadow,
style and fashion,beauty,cosmetics,lipstick,
style and fashion,beauty,cosmetics,nail polish,
style and fashion,beauty,cosmetics,,
style and fashion,beauty,cosmetology and beauty professionals,,
style and fashion,beauty,face and body care,body care,
style and fashion,beauty,face and body care,hygiene and toiletries,
style and fashion,beauty,face and body care,nail care,
style and fashion,beauty,hair care,,
style and fashion,beauty,perfume,,
style and fashion,beauty,tattoos,,
style and fashion,body art,,,
style and fashion,clothing,blazers,,
style and fashion,clothing,coats,,
style and fashion,clothing,hoodies,,
style and fashion,clothing,jackets,,
style and fashion,clothing,leggings,,
style and fashion,clothing,lingerie,,
style and fashion,clothing,pajamas,,
style and fashion,clothing,pants,jeans,
style and fashion,clothing,pants,,
style and fashion,clothing,petticoats,,
style and fashion,clothing,shirts,,
style and fashion,clothing,shorts,,
style and fashion,clothing,skirts,,
style and fashion,clothing,sweaters,,
style and fashion,clothing,wedding dresses,,
style and fashion,clothing,,,
style and fashion,fashion designers,,,
style and fashion,footwear,boots,,
style and fashion,footwear,sandals,,
style and fashion,footwear,shoes,,
style and fashion,footwear,slippers,,
style and fashion,footwear,sneakers,,
style and fashion,footwear,,,
style and fashion,jewelry,bracelets,,
style and fashion,jewelry,earrings,,
style and fashion,jewelry,necklaces,,
style and fashion,jewelry,rings,,
style and fashion,jewelry,,,
style and fashion,luxury goods,,,
style and fashion,men 's fashion,,,
style and fashion,swimwear,bikinis,,
style and fashion,swimwear,,,
style and fashion,underwear,,,
style and fashion,,,,
technology and computing,computer certification,,,
technology and computing,computer crime,,,
technology and computing,computer reviews,,,
technology and computing,computer security,antivirus and malware,,
technology and computing,computer security,network security,,
technology and computing,computer security,,,
technology and computing,consumer electronics,audio equipment,headphones,
technology and computing,consumer electronics,audio equipment,speakers,
technology and computing,consumer electronics,audio equipment,stereo systems and components,
technology and computing,consumer electronics,audio equipment,,
technology and computing,consumer electronics,camera and photo equipment,binoculars,
technology and computing,consumer electronics,camera and photo equipment,cameras and camcorders,camcorders
technology and computing,consumer electronics,camera and photo equipment,cameras and camcorders,camera bags
technology and computing,consumer electronics,camera and photo equipment,cameras and camcorders,camera batteries
technology and computing,consumer electronics,camera and photo equipment,cameras and camcorders,camera lenses
technology and computing,consumer electronics,camera and photo equipment,cameras and camcorders,cameras
technology and computing,consumer electronics,camera and photo equipment,telescopes,
technology and computing,consumer electronics,ebook reader,,
technology and computing,consumer electronics,game systems and consoles,nintendo,
technology and computing,consumer electronics,game systems and consoles,playstation,
technology and computing,consumer electronics,game systems and consoles,xbox,
technology and computing,consumer electronics,game systems and consoles,,
technology and computing,consumer electronics,home video and dvd,,
technology and computing,consumer electronics,portable entertainment,,
technology and computing,consumer electronics,radios,,
technology and computing,consumer electronics,telephones,mobile phones,smart phones
technology and computing,consumer electronics,telephones,mobile phones,
technology and computing,consumer electronics,telephones,,
technology and computing,consumer electronics,tv and video equipment,dvrs and set-top boxes,
technology and computing,consumer electronics,tv and video equipment,home theater systems,
technology and computing,consumer electronics,tv and video equipment,projectors,
technology and computing,consumer electronics,tv and video equipment,televisions,hdtvs
technology and computing,consumer electronics,tv and video equipment,televisions,lcd tvs
technology and computing,consumer electronics,tv and video equipment,televisions,plasma tvs
technology and computing,consumer electronics,tv and video equipment,televisions,
technology and computing,consumer electronics,tv and video equipment,video players and recorders,blu-ray players and recorders
technology and computing,consumer electronics,tv and video equipment,video players and recorders,dvd players and recorders
technology and computing,consumer electronics,tv and video equipment,,
technology and computing,consumer electronics,,,
technology and computing,data centers,,,
technology and computing,electronic components,,,
technology and computing,enterprise technology,customer relationship management,,
technology and computing,enterprise technology,data management,,
technology and computing,enterprise technology,enterprise resource planning,,
technology and computing,hardware,computer,desktop computer,
technology and computing,hardware,computer,portable computer,laptop
technology and computing,hardware,computer,portable computer,palmtops and pdas
technology and computing,hardware,computer,portable computer,tablet
technology and computing,hardware,computer,portable computer,
technology and computing,hardware,computer,servers,
technology and computing,hardware,computer,,
technology and computing,hardware,computer components,chips and processors,
technology and computing,hardware,computer components,disks,
technology and computing,hardware,computer components,graphics cards,
technology and computing,hardware,computer components,memory,portable
technology and computing,hardware,computer components,memory,
technology and computing,hardware,computer components,motherboards,
technology and computing,hardware,computer components,sound cards,
technology and computing,hardware,computer networking,router,
technology and computing,hardware,computer networking,wireless technology,
technology and computing,hardware,computer peripherals,computer monitors,
technology and computing,hardware,computer peripherals,"printers, copiers and fax",copiers
technology and computing,hardware,computer peripherals,"printers, copiers and fax",fax machines
technology and computing,hardware,computer peripherals,"printers, copiers and fax",printers
technology and computing,hardware,computer peripherals,"printers, copiers and fax",scanners
technology and computing,hardware,computer peripherals,,
technology and computing,hardware,,,
technology and computing,internet technology,chat,,
technology and computing,internet technology,ecommerce,,
technology and computing,internet technology,email,,
technology and computing,internet technology,internet cafes,,
technology and computing,internet technology,isps,,
technology and computing,internet technology,social network,,
technology and computing,internet technology,web clip art,,
technology and computing,internet technology,web design and html,,
technology and computing,internet technology,web search,people search,
technology and computing,internet technology,web search,,
technology and computing,internet technology,,,
technology and computing,mp3 and midi,,,
technology and computing,networking,network monitoring and management,,
technology and computing,networking,vpn and remote access,,
technology and computing,networking,,,
technology and computing,operating systems,linux,,
technology and computing,operating systems,mac os,,
technology and computing,operating systems,unix,,
technology and computing,operating systems,windows,,
technology and computing,operating systems,,,
technology and computing,programming languages,c and c++,,
technology and computing,programming languages,java,,
technology and computing,programming languages,javascript,,
technology and computing,programming languages,visual basic,,
technology and computing,programming languages,,,
technology and computing,software,databases,,
technology and computing,software,desktop publishing,,
technology and computing,software,desktop video,,
technology and computing,software,graphics software,animation,
technology and computing,software,graphics software,,
technology and computing,software,net conferencing,,
technology and computing,software,shareware and freeware,,
technology and computing,software,,,
technology and computing,tech news,,,
technology and computing,technical support,,,
technology and computing,technological innovation,,,
technology and computing,,,,
travel,budget travel,,,
travel,business travel,,,
travel,honeymoons and getaways,,,
travel,hotels,,,
travel,specialty travel,adventure travel,,
travel,specialty travel,ecotourism,,
travel,specialty travel,sightseeing tours,,
travel,specialty travel,vineyards,,
travel,tourist destinations,africa,,
travel,tourist destinations,australia and new zealand,,
travel,tourist destinations,canada,,
travel,tourist destinations,caribbean,,
travel,tourist destinations,eastern europe,,
travel,tourist destinations,europe,,
travel,tourist destinations,france,,
travel,tourist destinations,greece,,
travel,tourist destinations,italy,,
travel,tourist destinations,japan,,
travel,tourist destinations,mexico and central america,,
travel,tourist destinations,national parks,,
travel,tourist destinations,seaside resort,,
travel,tourist destinations,ski resorts,,
travel,tourist destinations,south america,,
travel,tourist destinations,spas,,
travel,tourist destinations,theme parks,,
travel,tourist destinations,united kingdom,,
travel,tourist destinations,,,
travel,tourist facilities,bed and breakfast,,
travel,tourist facilities,camping,,
travel,tourist facilities,hotel,,
travel,transports,air travel,air and space accident,
travel,transports,air travel,airfare,
travel,transports,air travel,airlines,
travel,transports,air travel,airplanes,
travel,transports,air travel,airports,
travel,transports,air travel,helicopters,
travel,transports,air travel,,
travel,transports,public transport,,
travel,transports,road travel,road accident,
travel,transports,sea travel,cruises,
travel,transports,train travel,,
travel,travel agencies,,,
travel,travel guides,,,
travel,traveling with kids,,,
travel,vacation rentals,,,
travel,,,,
